model,MAE,RMSE,MAPE,R2
GradientBoostingRegressor,3.0657115876979466,4.501183793421275,32.54281674075003,0.9063439947665921
RandomForestRegressor,3.098632303650579,4.6408278100220794,29.32927383542771,0.9004427145558157
HistoricalMean,17.043995557177457,20.83030007235338,410.01866606482815,-1.0057333193414006
